[
  {
    "eventType": "userJourney",
    "timestamp": "2025-05-12T06:16:51.783Z",
    "journey": [
      {
        "eventType": "pageLoad",
        "timestamp": "2025-05-12T06:16:48.805Z",
        "url": "http://localhost:5000/login",
        "pageName": "Login Page"
      }
    ]
  },
  {
    "eventType": "userJourney",
    "timestamp": "2025-05-12T06:17:21.108Z",
    "journey": [
      {
        "eventType": "pageLoad",
        "timestamp": "2025-05-12T06:17:18.606Z",
        "url": "http://localhost:5000/",
        "pageName": "Home Page"
      }
    ]
  },
  {
    "eventType": "userJourney",
    "timestamp": "2025-05-12T06:26:25.329Z",
    "journey": [
      {
        "eventType": "pageLoad",
        "timestamp": "2025-05-12T06:26:21.817Z",
        "url": "http://localhost:5000/login",
        "pageName": "Login Page"
      }
    ]
  },
  {
    "eventType": "userJourney",
    "timestamp": "2025-05-12T06:26:40.056Z",
    "journey": []
  },
  {
    "eventType": "userJourney",
    "timestamp": "2025-05-12T06:30:44.320Z",
    "journey": [
      {
        "eventType": "pageLoad",
        "timestamp": "2025-05-12T06:30:40.730Z",
        "url": "http://localhost:5000/login",
        "pageName": "Login Page"
      }
    ]
  },
  {
    "eventType": "userJourney",
    "timestamp": "2025-05-12T06:37:55.032Z",
    "journey": []
  },
  {
    "eventType": "userJourney",
    "timestamp": "2025-05-12T06:40:53.325Z",
    "journey": [
      {
        "eventType": "pageLoad",
        "timestamp": "2025-05-12T06:40:50.555Z",
        "url": "http://localhost:5000/login",
        "pageName": "Login Page"
      }
    ]
  },
  {
    "eventType": "userJourney",
    "timestamp": "2025-05-12T06:45:38.641Z",
    "journey": [
      {
        "eventType": "pageLoad",
        "timestamp": "2025-05-12T06:45:35.836Z",
        "url": "http://localhost:5000/login",
        "pageName": "Login Page"
      }
    ]
  },
  {
    "eventType": "userJourney",
    "timestamp": "2025-05-12T06:53:53.262Z",
    "journey": [
      {
        "eventType": "pageLoad",
        "timestamp": "2025-05-12T06:53:50.876Z",
        "url": "http://localhost:5000/",
        "pageName": "Home Page"
      }
    ]
  },
  {
    "eventType": "userJourney",
    "timestamp": "2025-05-12T07:00:36.326Z",
    "journey": [
      {
        "eventType": "pageLoad",
        "timestamp": "2025-05-12T07:00:32.741Z",
        "url": "http://localhost:5000/login",
        "pageName": "Login Page"
      }
    ]
  },
  {
    "eventType": "userJourney",
    "timestamp": "2025-05-13T07:49:07.352Z",
    "journey": [
      {
        "eventType": "pageLoad",
        "timestamp": "2025-05-13T07:49:07.332Z",
        "url": "http://localhost:5000/",
        "pageName": "Home Page"
      }
    ]
  },
  {
    "eventType": "userJourney",
    "timestamp": "2025-05-13T07:53:01.554Z",
    "journey": [
      {
        "eventType": "pageLoad",
        "timestamp": "2025-05-13T07:53:01.540Z",
        "url": "http://localhost:5000/login",
        "pageName": "Login Page"
      }
    ]
  },
  {
    "eventType": "userJourney",
    "timestamp": "2025-05-13T07:53:13.524Z",
    "journey": [
      {
        "eventType": "pageLoad",
        "timestamp": "2025-05-13T07:53:10.934Z",
        "url": "http://localhost:5000/",
        "pageName": "Home Page"
      }
    ]
  },
  {
    "eventType": "userJourney",
    "timestamp": "2025-05-13T07:55:18.278Z",
    "journey": [
      {
        "eventType": "pageLoad",
        "timestamp": "2025-05-13T07:55:14.836Z",
        "url": "http://localhost:5000/login",
        "pageName": "Login Page"
      }
    ]
  },
  {
    "eventType": "userJourney",
    "timestamp": "2025-05-13T08:09:58.531Z",
    "journey": [
      {
        "eventType": "pageLoad",
        "timestamp": "2025-05-13T08:09:56.107Z",
        "url": "http://localhost:5000/",
        "pageName": "Home Page"
      }
    ]
  },
  {
    "eventType": "userJourney",
    "timestamp": "2025-05-13T08:12:02.287Z",
    "journey": [
      {
        "eventType": "pageLoad",
        "timestamp": "2025-05-13T08:11:58.865Z",
        "url": "http://localhost:5000/login",
        "pageName": "Login Page"
      }
    ]
  },
  {
    "eventType": "userJourney",
    "timestamp": "2025-05-13T08:19:58.931Z",
    "journey": [
      {
        "eventType": "pageLoad",
        "timestamp": "2025-05-13T08:19:56.670Z",
        "url": "http://localhost:5000/",
        "pageName": "Home Page"
      }
    ]
  },
  {
    "eventType": "userJourney",
    "timestamp": "2025-05-13T08:22:02.282Z",
    "journey": [
      {
        "eventType": "pageLoad",
        "timestamp": "2025-05-13T08:21:58.937Z",
        "url": "http://localhost:5000/login",
        "pageName": "Login Page"
      }
    ]
  },
  {
    "eventType": "userJourney",
    "timestamp": "2025-05-13T08:23:47.165Z",
    "journey": [
      {
        "eventType": "pageLoad",
        "timestamp": "2025-05-13T08:23:44.770Z",
        "url": "http://localhost:5000/",
        "pageName": "Home Page"
      }
    ]
  },
  {
    "eventType": "userJourney",
    "timestamp": "2025-05-13T08:25:50.284Z",
    "journey": [
      {
        "eventType": "pageLoad",
        "timestamp": "2025-05-13T08:25:47.547Z",
        "url": "http://localhost:5000/login",
        "pageName": "Login Page"
      }
    ]
  },
  {
    "eventType": "userJourney",
    "timestamp": "2025-05-13T08:31:25.785Z",
    "journey": [
      {
        "eventType": "pageLoad",
        "timestamp": "2025-05-13T08:31:23.250Z",
        "url": "http://localhost:5000/",
        "pageName": "Home Page"
      }
    ]
  },
  {
    "eventType": "userJourney",
    "timestamp": "2025-05-13T08:36:32.008Z",
    "journey": [
      {
        "eventType": "pageLoad",
        "timestamp": "2025-05-13T08:36:29.630Z",
        "url": "http://localhost:5000/",
        "pageName": "Home Page"
      }
    ]
  },
  {
    "eventType": "userJourney",
    "timestamp": "2025-05-13T08:39:52.277Z",
    "journey": []
  },
  {
    "eventType": "userJourney",
    "timestamp": "2025-05-13T08:40:57.289Z",
    "journey": []
  },
  {
    "eventType": "userJourney",
    "timestamp": "2025-05-13T08:45:03.215Z",
    "journey": []
  },
  {
    "eventType": "userJourney",
    "timestamp": "2025-05-13T08:46:43.170Z",
    "journey": []
  },
  {
    "eventType": "userJourney",
    "timestamp": "2025-05-13T08:49:08.289Z",
    "journey": []
  },
  {
    "eventType": "userJourney",
    "timestamp": "2025-05-13T08:50:18.685Z",
    "journey": []
  },
  {
    "eventType": "userJourney",
    "timestamp": "2025-05-13T08:54:59.285Z",
    "journey": []
  },
  {
    "eventType": "userJourney",
    "timestamp": "2025-05-13T08:55:45.681Z",
    "journey": []
  },
  {
    "eventType": "userJourney",
    "timestamp": "2025-05-13T08:58:05.289Z",
    "journey": []
  },
  {
    "eventType": "userJourney",
    "timestamp": "2025-05-13T08:59:21.890Z",
    "journey": []
  },
  {
    "eventType": "userJourney",
    "timestamp": "2025-05-13T09:06:40.929Z",
    "journey": []
  },
  {
    "eventType": "userJourney",
    "timestamp": "2025-05-13T09:09:00.279Z",
    "journey": []
  },
  {
    "eventType": "userJourney",
    "timestamp": "2025-05-13T09:13:53.486Z",
    "journey": []
  },
  {
    "eventType": "userJourney",
    "timestamp": "2025-05-13T09:16:53.288Z",
    "journey": []
  },
  {
    "eventType": "userJourney",
    "timestamp": "2025-05-13T09:18:45.891Z",
    "journey": []
  },
  {
    "eventType": "userJourney",
    "timestamp": "2025-05-13T09:19:22.493Z",
    "journey": []
  },
  {
    "eventType": "userJourney",
    "timestamp": "2025-05-13T09:25:45.641Z",
    "journey": []
  },
  {
    "eventType": "userJourney",
    "timestamp": "2025-05-13T09:28:56.444Z",
    "journey": []
  },
  {
    "eventType": "userJourney",
    "timestamp": "2025-05-13T09:29:03.912Z",
    "journey": []
  },
  {
    "eventType": "userJourney",
    "timestamp": "2025-05-13T09:30:24.208Z",
    "journey": []
  },
  {
    "eventType": "userJourney",
    "timestamp": "2025-05-13T09:37:25.286Z",
    "journey": []
  },
  {
    "eventType": "userJourney",
    "timestamp": "2025-05-13T09:37:50.674Z",
    "journey": []
  },
  {
    "eventType": "userJourney",
    "timestamp": "2025-05-13T09:41:09.588Z",
    "journey": []
  },
  {
    "eventType": "userJourney",
    "timestamp": "2025-05-13T09:43:31.842Z",
    "journey": []
  },
  {
    "eventType": "userJourney",
    "timestamp": "2025-05-13T09:43:42.511Z",
    "journey": []
  },
  {
    "eventType": "userJourney",
    "timestamp": "2025-05-13T09:44:23.276Z",
    "journey": []
  },
  {
    "eventType": "userJourney",
    "timestamp": "2025-05-13T09:47:19.276Z",
    "journey": []
  },
  {
    "eventType": "userJourney",
    "timestamp": "2025-05-13T11:17:49.846Z",
    "journey": []
  },
  {
    "eventType": "userJourney",
    "timestamp": "2025-05-13T11:21:45.287Z",
    "journey": []
  },
  {
    "eventType": "userJourney",
    "timestamp": "2025-05-14T05:57:07.697Z",
    "journey": []
  },
  {
    "eventType": "userJourney",
    "timestamp": "2025-05-14T06:00:25.309Z",
    "journey": []
  },
  {
    "eventType": "userJourney",
    "timestamp": "2025-05-14T06:12:47.222Z",
    "journey": []
  },
  {
    "eventType": "userJourney",
    "timestamp": "2025-05-14T06:14:49.319Z",
    "journey": []
  },
  {
    "eventType": "userJourney",
    "timestamp": "2025-05-14T06:17:55.399Z",
    "journey": []
  },
  {
    "eventType": "userJourney",
    "timestamp": "2025-05-14T06:20:53.319Z",
    "journey": []
  },
  {
    "eventType": "userJourney",
    "timestamp": "2025-05-14T06:37:31.942Z",
    "journey": []
  },
  {
    "eventType": "userJourney",
    "timestamp": "2025-05-14T06:39:48.341Z",
    "journey": []
  },
  {
    "eventType": "userJourney",
    "timestamp": "2025-05-14T06:43:57.714Z",
    "journey": []
  },
  {
    "eventType": "userJourney",
    "timestamp": "2025-05-14T06:51:14.697Z",
    "journey": []
  },
  {
    "eventType": "userJourney",
    "timestamp": "2025-05-14T06:58:59.286Z",
    "journey": []
  },
  {
    "eventType": "userJourney",
    "timestamp": "2025-05-14T06:59:03.437Z",
    "journey": []
  },
  {
    "eventType": "userJourney",
    "timestamp": "2025-05-14T07:01:48.083Z",
    "journey": []
  },
  {
    "eventType": "userJourney",
    "timestamp": "2025-05-14T07:02:08.303Z",
    "journey": []
  },
  {
    "eventType": "userJourney",
    "timestamp": "2025-05-14T07:05:07.352Z",
    "journey": []
  },
  {
    "eventType": "userJourney",
    "timestamp": "2025-05-14T07:08:14.576Z",
    "journey": []
  },
  {
    "eventType": "userJourney",
    "timestamp": "2025-05-14T07:09:12.211Z",
    "journey": []
  },
  {
    "eventType": "userJourney",
    "timestamp": "2025-05-14T07:09:33.761Z",
    "journey": []
  },
  {
    "eventType": "userJourney",
    "timestamp": "2025-05-14T07:09:43.155Z",
    "journey": []
  },
  {
    "eventType": "userJourney",
    "timestamp": "2025-05-14T07:12:53.300Z",
    "journey": []
  },
  {
    "eventType": "userJourney",
    "timestamp": "2025-05-14T07:13:54.257Z",
    "journey": []
  },
  {
    "eventType": "userJourney",
    "timestamp": "2025-05-14T07:17:43.276Z",
    "journey": []
  },
  {
    "eventType": "userJourney",
    "timestamp": "2025-05-14T11:43:56.163Z",
    "journey": []
  },
  {
    "eventType": "userJourney",
    "timestamp": "2025-05-14T11:45:57.166Z",
    "journey": []
  },
  {
    "eventType": "userJourney",
    "timestamp": "2025-05-14T11:54:48.583Z",
    "journey": []
  },
  {
    "eventType": "userJourney",
    "timestamp": "2025-05-14T11:54:59.569Z",
    "journey": []
  },
  {
    "eventType": "userJourney",
    "timestamp": "2025-05-14T11:55:26.354Z",
    "journey": []
  },
  {
    "eventType": "userJourney",
    "timestamp": "2025-05-14T11:57:55.151Z",
    "journey": []
  },
  {
    "eventType": "userJourney",
    "timestamp": "2025-05-15T05:02:38.670Z",
    "journey": []
  },
  {
    "eventType": "userJourney",
    "timestamp": "2025-05-15T05:03:12.578Z",
    "journey": []
  },
  {
    "eventType": "userJourney",
    "timestamp": "2025-05-15T05:05:52.963Z",
    "journey": []
  },
  {
    "eventType": "userJourney",
    "timestamp": "2025-05-15T05:09:28.901Z",
    "journey": []
  },
  {
    "eventType": "userJourney",
    "timestamp": "2025-05-15T05:09:58.268Z",
    "journey": []
  },
  {
    "eventType": "userJourney",
    "timestamp": "2025-05-15T05:12:04.811Z",
    "journey": []
  },
  {
    "eventType": "userJourney",
    "timestamp": "2025-05-15T09:35:05.479Z",
    "journey": []
  },
  {
    "eventType": "userJourney",
    "timestamp": "2025-05-15T09:41:01.896Z",
    "journey": []
  },
  {
    "eventType": "userJourney",
    "timestamp": "2025-05-15T11:23:03.183Z",
    "journey": []
  },
  {
    "eventType": "userJourney",
    "timestamp": "2025-05-15T11:23:43.618Z",
    "journey": []
  },
  {
    "eventType": "userJourney",
    "timestamp": "2025-05-15T11:26:09.924Z",
    "journey": []
  },
  {
    "eventType": "userJourney",
    "timestamp": "2025-05-16T03:37:40.553Z",
    "journey": []
  },
  {
    "eventType": "userJourney",
    "timestamp": "2025-05-16T03:39:46.271Z",
    "journey": []
  },
  {
    "eventType": "userJourney",
    "timestamp": "2025-05-16T05:37:52.419Z",
    "journey": []
  },
  {
    "eventType": "userJourney",
    "timestamp": "2025-05-16T05:39:04.883Z",
    "journey": []
  },
  {
    "eventType": "userJourney",
    "timestamp": "2025-05-16T05:39:22.735Z",
    "journey": []
  },
  {
    "eventType": "userJourney",
    "timestamp": "2025-05-16T05:42:47.432Z",
    "journey": []
  },
  {
    "eventType": "userJourney",
    "timestamp": "2025-05-16T05:49:10.607Z",
    "journey": []
  },
  {
    "eventType": "userJourney",
    "timestamp": "2025-05-16T05:51:43.133Z",
    "journey": []
  },
  {
    "eventType": "userJourney",
    "timestamp": "2025-05-16T05:58:38.758Z",
    "journey": []
  },
  {
    "eventType": "userJourney",
    "timestamp": "2025-05-16T06:00:51.451Z",
    "journey": []
  },
  {
    "eventType": "userJourney",
    "timestamp": "2025-05-16T06:02:21.742Z",
    "journey": []
  },
  {
    "eventType": "userJourney",
    "timestamp": "2025-05-16T06:04:28.444Z",
    "journey": []
  },
  {
    "eventType": "userJourney",
    "timestamp": "2025-05-16T06:05:34.946Z",
    "journey": []
  },
  {
    "eventType": "userJourney",
    "timestamp": "2025-05-16T06:09:02.447Z",
    "journey": []
  },
  {
    "eventType": "userJourney",
    "timestamp": "2025-05-16T09:01:50.889Z",
    "journey": []
  },
  {
    "eventType": "userJourney",
    "timestamp": "2025-05-16T09:04:23.515Z",
    "journey": []
  },
  {
    "eventType": "userJourney",
    "timestamp": "2025-05-16T09:09:07.664Z",
    "journey": []
  },
  {
    "eventType": "userJourney",
    "timestamp": "2025-05-16T09:11:13.516Z",
    "journey": []
  },
  {
    "eventType": "userJourney",
    "timestamp": "2025-05-16T09:22:36.522Z",
    "journey": []
  },
  {
    "eventType": "userJourney",
    "timestamp": "2025-05-16T09:24:37.523Z",
    "journey": []
  },
  {
    "eventType": "userJourney",
    "timestamp": "2025-05-16T09:24:46.604Z",
    "journey": []
  },
  {
    "eventType": "userJourney",
    "timestamp": "2025-05-16T09:42:05.298Z",
    "journey": []
  },
  {
    "eventType": "userJourney",
    "timestamp": "2025-05-16T09:44:10.541Z",
    "journey": []
  },
  {
    "eventType": "userJourney",
    "timestamp": "2025-05-19T04:37:29.188Z",
    "journey": []
  },
  {
    "eventType": "userJourney",
    "timestamp": "2025-05-19T04:42:36.519Z",
    "journey": []
  },
  {
    "eventType": "userJourney",
    "timestamp": "2025-05-19T04:43:30.841Z",
    "journey": []
  },
  {
    "eventType": "userJourney",
    "timestamp": "2025-05-19T04:45:33.803Z",
    "journey": []
  },
  {
    "eventType": "userJourney",
    "timestamp": "2025-05-19T06:50:00.166Z",
    "journey": []
  },
  {
    "eventType": "userJourney",
    "timestamp": "2025-05-19T06:57:11.863Z",
    "journey": []
  },
  {
    "eventType": "userJourney",
    "timestamp": "2025-05-19T07:16:21.778Z",
    "journey": []
  },
  {
    "eventType": "userJourney",
    "timestamp": "2025-05-19T07:18:31.857Z",
    "journey": []
  },
  {
    "eventType": "userJourney",
    "timestamp": "2025-05-19T09:32:03.384Z",
    "journey": []
  },
  {
    "eventType": "userJourney",
    "timestamp": "2025-05-20T04:55:01.405Z",
    "journey": []
  },
  {
    "eventType": "userJourney",
    "timestamp": "2025-05-20T04:57:49.568Z",
    "journey": []
  },
  {
    "eventType": "userJourney",
    "timestamp": "2025-05-20T05:14:30.279Z",
    "journey": []
  },
  {
    "eventType": "userJourney",
    "timestamp": "2025-05-20T05:17:29.570Z",
    "journey": []
  },
  {
    "eventType": "userJourney",
    "timestamp": "2025-05-20T05:57:50.018Z",
    "journey": []
  },
  {
    "eventType": "userJourney",
    "timestamp": "2025-05-20T06:02:56.548Z",
    "journey": []
  },
  {
    "eventType": "userJourney",
    "timestamp": "2025-05-20T06:44:50.601Z",
    "journey": []
  },
  {
    "eventType": "userJourney",
    "timestamp": "2025-05-20T06:46:55.077Z",
    "journey": []
  },
  {
    "eventType": "userJourney",
    "timestamp": "2025-05-21T05:56:52.783Z",
    "journey": []
  },
  {
    "eventType": "userJourney",
    "timestamp": "2025-05-21T06:01:15.536Z",
    "journey": []
  },
  {
    "eventType": "userJourney",
    "timestamp": "2025-05-21T06:04:04.151Z",
    "journey": []
  },
  {
    "eventType": "userJourney",
    "timestamp": "2025-05-21T06:08:41.107Z",
    "journey": []
  },
  {
    "eventType": "userJourney",
    "timestamp": "2025-05-21T06:11:10.570Z",
    "journey": []
  },
  {
    "eventType": "userJourney",
    "timestamp": "2025-05-21T06:12:37.215Z",
    "journey": []
  },
  {
    "eventType": "userJourney",
    "timestamp": "2025-05-21T06:12:46.620Z",
    "journey": []
  },
  {
    "eventType": "userJourney",
    "timestamp": "2025-05-21T06:15:05.507Z",
    "journey": []
  },
  {
    "eventType": "userJourney",
    "timestamp": "2025-05-21T06:17:34.049Z",
    "journey": []
  },
  {
    "eventType": "userJourney",
    "timestamp": "2025-05-21T06:17:39.742Z",
    "journey": []
  },
  {
    "eventType": "userJourney",
    "timestamp": "2025-05-21T06:19:44.315Z",
    "journey": []
  },
  {
    "eventType": "userJourney",
    "timestamp": "2025-05-21T06:20:20.583Z",
    "journey": []
  },
  {
    "eventType": "userJourney",
    "timestamp": "2025-05-21T06:22:28.587Z",
    "journey": []
  },
  {
    "eventType": "userJourney",
    "timestamp": "2025-05-21T06:25:58.600Z",
    "journey": []
  },
  {
    "eventType": "userJourney",
    "timestamp": "2025-05-21T06:26:35.598Z",
    "journey": []
  },
  {
    "eventType": "userJourney",
    "timestamp": "2025-05-21T06:29:48.598Z",
    "journey": []
  },
  {
    "eventType": "userJourney",
    "timestamp": "2025-05-21T08:28:21.573Z",
    "journey": []
  },
  {
    "eventType": "userJourney",
    "timestamp": "2025-05-21T08:36:47.909Z",
    "journey": []
  },
  {
    "eventType": "userJourney",
    "timestamp": "2025-05-21T08:39:11.691Z",
    "journey": []
  },
  {
    "eventType": "userJourney",
    "timestamp": "2025-05-21T08:41:17.684Z",
    "journey": []
  },
  {
    "eventType": "userJourney",
    "timestamp": "2025-05-21T12:06:18.761Z",
    "journey": []
  },
  {
    "eventType": "userJourney",
    "timestamp": "2025-05-22T10:09:45.459Z",
    "journey": []
  },
  {
    "eventType": "userJourney",
    "timestamp": "2025-05-22T10:11:59.990Z",
    "journey": []
  },
  {
    "eventType": "userJourney",
    "timestamp": "2025-05-22T10:21:58.506Z",
    "journey": []
  },
  {
    "eventType": "userJourney",
    "timestamp": "2025-05-22T10:22:36.903Z",
    "journey": []
  },
  {
    "eventType": "userJourney",
    "timestamp": "2025-05-22T10:24:44.658Z",
    "journey": []
  },
  {
    "eventType": "userJourney",
    "timestamp": "2025-05-22T10:24:53.245Z",
    "journey": []
  },
  {
    "eventType": "userJourney",
    "timestamp": "2025-05-22T10:27:00.371Z",
    "journey": []
  },
  {
    "eventType": "userJourney",
    "timestamp": "2025-05-22T10:30:55.149Z",
    "journey": []
  },
  {
    "eventType": "userJourney",
    "timestamp": "2025-05-22T10:34:02.370Z",
    "journey": []
  },
  {
    "eventType": "userJourney",
    "timestamp": "2025-05-22T10:36:20.262Z",
    "journey": []
  },
  {
    "eventType": "userJourney",
    "timestamp": "2025-05-22T10:40:14.364Z",
    "journey": []
  },
  {
    "eventType": "userJourney",
    "timestamp": "2025-05-22T10:42:57.621Z",
    "journey": []
  },
  {
    "eventType": "userJourney",
    "timestamp": "2025-05-22T10:47:24.369Z",
    "journey": []
  },
  {
    "eventType": "userJourney",
    "timestamp": "2025-05-22T10:50:29.553Z",
    "journey": []
  },
  {
    "eventType": "userJourney",
    "timestamp": "2025-05-22T10:52:51.367Z",
    "journey": []
  },
  {
    "eventType": "userJourney",
    "timestamp": "2025-05-22T11:37:31.234Z",
    "journey": []
  },
  {
    "eventType": "userJourney",
    "timestamp": "2025-05-22T11:40:58.532Z",
    "journey": []
  },
  {
    "eventType": "userJourney",
    "timestamp": "2025-05-22T11:41:02.986Z",
    "journey": []
  },
  {
    "eventType": "userJourney",
    "timestamp": "2025-05-22T11:43:19.374Z",
    "journey": []
  },
  {
    "eventType": "userJourney",
    "timestamp": "2025-05-22T11:44:15.379Z",
    "journey": []
  },
  {
    "eventType": "userJourney",
    "timestamp": "2025-05-22T11:47:07.471Z",
    "journey": []
  },
  {
    "eventType": "userJourney",
    "timestamp": "2025-05-22T11:47:13.371Z",
    "journey": []
  },
  {
    "eventType": "userJourney",
    "timestamp": "2025-05-22T11:49:19.375Z",
    "journey": []
  },
  {
    "eventType": "userJourney",
    "timestamp": "2025-05-22T11:51:26.922Z",
    "journey": []
  },
  {
    "eventType": "userJourney",
    "timestamp": "2025-05-22T11:58:08.383Z",
    "journey": []
  },
  {
    "eventType": "userJourney",
    "timestamp": "2025-05-22T11:59:45.307Z",
    "journey": []
  },
  {
    "eventType": "userJourney",
    "timestamp": "2025-05-22T12:01:08.479Z",
    "journey": []
  },
  {
    "eventType": "userJourney",
    "timestamp": "2025-05-22T12:03:31.021Z",
    "journey": []
  },
  {
    "eventType": "userJourney",
    "timestamp": "2025-05-22T12:07:05.383Z",
    "journey": []
  },
  {
    "eventType": "userJourney",
    "timestamp": "2025-05-22T12:13:13.039Z",
    "journey": []
  },
  {
    "eventType": "userJourney",
    "timestamp": "2025-05-23T05:28:13.240Z",
    "journey": []
  },
  {
    "eventType": "userJourney",
    "timestamp": "2025-05-26T05:26:42.074Z",
    "journey": []
  },
  {
    "eventType": "userJourney",
    "timestamp": "2025-05-26T05:28:04.710Z",
    "journey": []
  },
  {
    "eventType": "userJourney",
    "timestamp": "2025-05-26T05:29:31.950Z",
    "journey": []
  },
  {
    "eventType": "userJourney",
    "timestamp": "2025-05-26T05:31:14.902Z",
    "journey": []
  },
  {
    "eventType": "userJourney",
    "timestamp": "2025-05-26T05:51:20.829Z",
    "journey": []
  },
  {
    "eventType": "userJourney",
    "timestamp": "2025-05-26T05:52:29.472Z",
    "journey": []
  },
  {
    "eventType": "userJourney",
    "timestamp": "2025-05-26T05:53:14.800Z",
    "journey": []
  },
  {
    "eventType": "userJourney",
    "timestamp": "2025-05-26T05:55:54.326Z",
    "journey": []
  },
  {
    "eventType": "userJourney",
    "timestamp": "2025-05-26T06:00:38.738Z",
    "journey": []
  },
  {
    "eventType": "userJourney",
    "timestamp": "2025-05-26T06:00:54.609Z",
    "journey": []
  },
  {
    "eventType": "userJourney",
    "timestamp": "2025-05-26T06:03:50.809Z",
    "journey": []
  },
  {
    "eventType": "userJourney",
    "timestamp": "2025-05-26T06:06:49.815Z",
    "journey": []
  },
  {
    "eventType": "userJourney",
    "timestamp": "2025-05-26T06:08:35.192Z",
    "journey": []
  },
  {
    "eventType": "userJourney",
    "timestamp": "2025-05-26T06:13:14.808Z",
    "journey": []
  },
  {
    "eventType": "userJourney",
    "timestamp": "2025-05-26T06:14:05.138Z",
    "journey": []
  },
  {
    "eventType": "userJourney",
    "timestamp": "2025-05-26T06:14:28.631Z",
    "journey": []
  },
  {
    "eventType": "userJourney",
    "timestamp": "2025-05-26T06:15:38.043Z",
    "journey": []
  },
  {
    "eventType": "userJourney",
    "timestamp": "2025-05-26T06:17:41.720Z",
    "journey": []
  },
  {
    "eventType": "userJourney",
    "timestamp": "2025-05-26T06:19:31.262Z",
    "journey": []
  },
  {
    "eventType": "userJourney",
    "timestamp": "2025-05-26T06:20:05.059Z",
    "journey": []
  },
  {
    "eventType": "userJourney",
    "timestamp": "2025-05-26T06:21:53.816Z",
    "journey": []
  },
  {
    "eventType": "userJourney",
    "timestamp": "2025-05-27T08:34:28.519Z",
    "journey": []
  },
  {
    "eventType": "userJourney",
    "timestamp": "2025-05-27T08:34:45.654Z",
    "journey": []
  },
  {
    "eventType": "userJourney",
    "timestamp": "2025-05-27T08:38:42.504Z",
    "journey": []
  },
  {
    "eventType": "userJourney",
    "timestamp": "2025-05-27T08:39:13.254Z",
    "journey": []
  },
  {
    "eventType": "userJourney",
    "timestamp": "2025-05-27T09:08:07.711Z",
    "journey": []
  },
  {
    "eventType": "userJourney",
    "timestamp": "2025-05-27T09:08:21.700Z",
    "journey": []
  },
  {
    "eventType": "userJourney",
    "timestamp": "2025-05-27T09:08:30.521Z",
    "journey": []
  },
  {
    "eventType": "userJourney",
    "timestamp": "2025-05-27T09:08:36.232Z",
    "journey": []
  },
  {
    "eventType": "userJourney",
    "timestamp": "2025-05-27T09:11:52.009Z",
    "journey": []
  },
  {
    "eventType": "userJourney",
    "timestamp": "2025-05-27T09:13:50.568Z",
    "journey": []
  },
  {
    "eventType": "userJourney",
    "timestamp": "2025-05-27T09:15:51.316Z",
    "journey": []
  },
  {
    "eventType": "userJourney",
    "timestamp": "2025-05-27T09:16:23.079Z",
    "journey": []
  },
  {
    "eventType": "userJourney",
    "timestamp": "2025-05-27T09:22:42.845Z",
    "journey": []
  },
  {
    "eventType": "userJourney",
    "timestamp": "2025-05-27T09:36:04.808Z",
    "journey": []
  },
  {
    "eventType": "userJourney",
    "timestamp": "2025-05-27T09:40:27.901Z",
    "journey": []
  },
  {
    "eventType": "userJourney",
    "timestamp": "2025-05-27T09:41:00.278Z",
    "journey": []
  },
  {
    "eventType": "userJourney",
    "timestamp": "2025-05-27T09:43:02.905Z",
    "journey": []
  },
  {
    "eventType": "userJourney",
    "timestamp": "2025-05-27T09:46:10.493Z",
    "journey": []
  },
  {
    "eventType": "userJourney",
    "timestamp": "2025-05-27T09:48:12.921Z",
    "journey": []
  },
  {
    "eventType": "userJourney",
    "timestamp": "2025-05-27T09:49:02.200Z",
    "journey": []
  },
  {
    "eventType": "userJourney",
    "timestamp": "2025-05-27T09:51:02.915Z",
    "journey": []
  },
  {
    "eventType": "userJourney",
    "timestamp": "2025-05-27T10:09:56.587Z",
    "journey": []
  },
  {
    "eventType": "userJourney",
    "timestamp": "2025-05-27T10:10:56.187Z",
    "journey": []
  },
  {
    "eventType": "userJourney",
    "timestamp": "2025-05-27T10:11:03.455Z",
    "journey": []
  },
  {
    "eventType": "userJourney",
    "timestamp": "2025-05-27T10:11:14.391Z",
    "journey": []
  },
  {
    "eventType": "userJourney",
    "timestamp": "2025-05-27T10:11:19.887Z",
    "journey": []
  },
  {
    "eventType": "userJourney",
    "timestamp": "2025-05-27T10:11:58.939Z",
    "journey": []
  },
  {
    "eventType": "userJourney",
    "timestamp": "2025-05-27T10:12:25.241Z",
    "journey": []
  },
  {
    "eventType": "userJourney",
    "timestamp": "2025-05-27T10:12:33.727Z",
    "journey": []
  },
  {
    "eventType": "userJourney",
    "timestamp": "2025-05-27T10:13:36.427Z",
    "journey": []
  },
  {
    "eventType": "userJourney",
    "timestamp": "2025-05-27T10:13:40.698Z",
    "journey": []
  },
  {
    "eventType": "userJourney",
    "timestamp": "2025-05-27T10:16:02.004Z",
    "journey": []
  },
  {
    "eventType": "userJourney",
    "timestamp": "2025-05-27T10:16:34.850Z",
    "journey": []
  },
  {
    "eventType": "userJourney",
    "timestamp": "2025-05-27T10:16:46.353Z",
    "journey": []
  },
  {
    "eventType": "userJourney",
    "timestamp": "2025-05-27T10:16:53.307Z",
    "journey": []
  },
  {
    "eventType": "userJourney",
    "timestamp": "2025-05-27T10:17:00.971Z",
    "journey": []
  },
  {
    "eventType": "userJourney",
    "timestamp": "2025-05-27T10:17:21.822Z",
    "journey": []
  },
  {
    "eventType": "userJourney",
    "timestamp": "2025-05-27T10:17:28.429Z",
    "journey": []
  },
  {
    "eventType": "userJourney",
    "timestamp": "2025-05-27T10:17:51.346Z",
    "journey": []
  },
  {
    "eventType": "userJourney",
    "timestamp": "2025-05-27T10:19:07.117Z",
    "journey": []
  },
  {
    "eventType": "userJourney",
    "timestamp": "2025-05-27T10:19:13.203Z",
    "journey": []
  },
  {
    "eventType": "userJourney",
    "timestamp": "2025-05-27T10:21:13.743Z",
    "journey": []
  },
  {
    "eventType": "userJourney",
    "timestamp": "2025-05-27T10:22:38.275Z",
    "journey": []
  },
  {
    "eventType": "userJourney",
    "timestamp": "2025-05-27T10:22:52.665Z",
    "journey": []
  },
  {
    "eventType": "userJourney",
    "timestamp": "2025-05-27T10:23:03.564Z",
    "journey": []
  },
  {
    "eventType": "userJourney",
    "timestamp": "2025-05-27T10:23:46.173Z",
    "journey": []
  },
  {
    "eventType": "userJourney",
    "timestamp": "2025-05-27T10:26:35.708Z",
    "journey": []
  },
  {
    "eventType": "userJourney",
    "timestamp": "2025-05-27T10:29:27.247Z",
    "journey": []
  },
  {
    "eventType": "userJourney",
    "timestamp": "2025-05-27T10:30:28.277Z",
    "journey": []
  },
  {
    "eventType": "userJourney",
    "timestamp": "2025-05-27T10:30:33.455Z",
    "journey": []
  },
  {
    "eventType": "userJourney",
    "timestamp": "2025-05-27T10:30:37.662Z",
    "journey": []
  },
  {
    "eventType": "userJourney",
    "timestamp": "2025-05-27T10:33:10.945Z",
    "journey": []
  },
  {
    "eventType": "userJourney",
    "timestamp": "2025-05-27T10:38:55.395Z",
    "journey": []
  },
  {
    "eventType": "userJourney",
    "timestamp": "2025-05-27T10:52:32.209Z",
    "journey": []
  },
  {
    "eventType": "userJourney",
    "timestamp": "2025-05-27T11:36:41.974Z",
    "journey": []
  },
  {
    "eventType": "userJourney",
    "timestamp": "2025-05-27T11:36:48.103Z",
    "journey": []
  },
  {
    "eventType": "userJourney",
    "timestamp": "2025-05-27T11:37:11.857Z",
    "journey": []
  },
  {
    "eventType": "userJourney",
    "timestamp": "2025-05-27T11:37:59.535Z",
    "journey": []
  },
  {
    "eventType": "userJourney",
    "timestamp": "2025-05-27T11:43:26.503Z",
    "journey": []
  },
  {
    "eventType": "userJourney",
    "timestamp": "2025-05-27T11:44:31.482Z",
    "journey": []
  },
  {
    "eventType": "userJourney",
    "timestamp": "2025-05-27T11:44:52.471Z",
    "journey": []
  },
  {
    "eventType": "userJourney",
    "timestamp": "2025-05-28T05:01:32.088Z",
    "journey": []
  },
  {
    "eventType": "userJourney",
    "timestamp": "2025-05-28T05:09:07.056Z",
    "journey": []
  },
  {
    "eventType": "userJourney",
    "timestamp": "2025-05-28T05:18:50.160Z",
    "journey": []
  },
  {
    "eventType": "userJourney",
    "timestamp": "2025-05-28T05:22:24.735Z",
    "journey": []
  },
  {
    "eventType": "userJourney",
    "timestamp": "2025-05-28T05:26:12.572Z",
    "journey": []
  },
  {
    "eventType": "userJourney",
    "timestamp": "2025-05-28T05:28:56.919Z",
    "journey": []
  },
  {
    "eventType": "userJourney",
    "timestamp": "2025-05-28T05:29:06.489Z",
    "journey": []
  },
  {
    "eventType": "userJourney",
    "timestamp": "2025-05-28T05:31:03.711Z",
    "journey": []
  },
  {
    "eventType": "userJourney",
    "timestamp": "2025-05-28T05:31:36.772Z",
    "journey": []
  },
  {
    "eventType": "userJourney",
    "timestamp": "2025-05-28T05:31:56.089Z",
    "journey": []
  },
  {
    "eventType": "userJourney",
    "timestamp": "2025-05-28T05:34:06.170Z",
    "journey": []
  },
  {
    "eventType": "userJourney",
    "timestamp": "2025-05-28T05:34:21.027Z",
    "journey": []
  },
  {
    "eventType": "userJourney",
    "timestamp": "2025-05-28T05:37:35.090Z",
    "journey": []
  },
  {
    "eventType": "userJourney",
    "timestamp": "2025-05-28T05:41:03.571Z",
    "journey": []
  },
  {
    "eventType": "userJourney",
    "timestamp": "2025-05-28T05:47:39.083Z",
    "journey": []
  },
  {
    "eventType": "userJourney",
    "timestamp": "2025-05-28T05:49:23.435Z",
    "journey": []
  },
  {
    "eventType": "userJourney",
    "timestamp": "2025-05-28T05:53:34.427Z",
    "journey": []
  },
  {
    "eventType": "userJourney",
    "timestamp": "2025-05-28T05:57:22.997Z",
    "journey": []
  },
  {
    "eventType": "userJourney",
    "timestamp": "2025-05-28T06:03:11.494Z",
    "journey": []
  },
  {
    "eventType": "userJourney",
    "timestamp": "2025-05-28T06:05:26.466Z",
    "journey": []
  },
  {
    "eventType": "userJourney",
    "timestamp": "2025-05-28T06:46:47.782Z",
    "journey": []
  },
  {
    "eventType": "userJourney",
    "timestamp": "2025-05-28T06:47:02.816Z",
    "journey": []
  },
  {
    "eventType": "userJourney",
    "timestamp": "2025-05-28T06:48:26.154Z",
    "journey": []
  },
  {
    "eventType": "userJourney",
    "timestamp": "2025-05-28T07:03:41.629Z",
    "journey": []
  },
  {
    "eventType": "userJourney",
    "timestamp": "2025-05-28T09:19:56.346Z",
    "journey": []
  },
  {
    "eventType": "userJourney",
    "timestamp": "2025-05-28T09:51:16.404Z",
    "journey": []
  },
  {
    "eventType": "userJourney",
    "timestamp": "2025-05-28T09:51:47.005Z",
    "journey": []
  },
  {
    "eventType": "userJourney",
    "timestamp": "2025-05-28T10:32:33.369Z",
    "journey": []
  },
  {
    "eventType": "userJourney",
    "timestamp": "2025-05-29T04:08:52.069Z",
    "journey": []
  },
  {
    "eventType": "userJourney",
    "timestamp": "2025-05-29T04:15:11.820Z",
    "journey": []
  },
  {
    "eventType": "userJourney",
    "timestamp": "2025-05-29T04:15:16.829Z",
    "journey": []
  },
  {
    "eventType": "userJourney",
    "timestamp": "2025-05-29T04:15:21.788Z",
    "journey": []
  },
  {
    "eventType": "userJourney",
    "timestamp": "2025-05-29T04:15:32.425Z",
    "journey": []
  },
  {
    "eventType": "userJourney",
    "timestamp": "2025-05-29T04:21:26.839Z",
    "journey": []
  },
  {
    "eventType": "userJourney",
    "timestamp": "2025-05-29T04:21:32.141Z",
    "journey": []
  },
  {
    "eventType": "userJourney",
    "timestamp": "2025-05-29T04:21:38.562Z",
    "journey": []
  },
  {
    "eventType": "userJourney",
    "timestamp": "2025-05-29T04:30:52.576Z",
    "journey": []
  },
  {
    "eventType": "userJourney",
    "timestamp": "2025-05-29T04:33:11.994Z",
    "journey": []
  },
  {
    "eventType": "userJourney",
    "timestamp": "2025-05-29T04:47:02.004Z",
    "journey": []
  },
  {
    "eventType": "userJourney",
    "timestamp": "2025-05-29T04:51:52.349Z",
    "journey": []
  },
  {
    "eventType": "userJourney",
    "timestamp": "2025-05-29T04:52:59.366Z",
    "journey": []
  },
  {
    "eventType": "userJourney",
    "timestamp": "2025-05-29T04:56:08.630Z",
    "journey": []
  },
  {
    "eventType": "userJourney",
    "timestamp": "2025-05-29T04:58:36.360Z",
    "journey": []
  },
  {
    "eventType": "userJourney",
    "timestamp": "2025-05-29T04:58:42.799Z",
    "journey": []
  },
  {
    "eventType": "userJourney",
    "timestamp": "2025-05-29T04:58:48.297Z",
    "journey": []
  },
  {
    "eventType": "userJourney",
    "timestamp": "2025-05-29T05:01:26.246Z",
    "journey": []
  },
  {
    "eventType": "userJourney",
    "timestamp": "2025-05-29T05:07:30.409Z",
    "journey": []
  },
  {
    "eventType": "userJourney",
    "timestamp": "2025-05-29T05:08:30.983Z",
    "journey": []
  },
  {
    "eventType": "userJourney",
    "timestamp": "2025-05-29T05:11:19.625Z",
    "journey": []
  },
  {
    "eventType": "userJourney",
    "timestamp": "2025-05-29T05:11:24.099Z",
    "journey": []
  },
  {
    "eventType": "userJourney",
    "timestamp": "2025-05-29T05:17:47.040Z",
    "journey": []
  },
  {
    "eventType": "userJourney",
    "timestamp": "2025-05-29T05:18:45.333Z",
    "journey": []
  },
  {
    "eventType": "userJourney",
    "timestamp": "2025-05-29T05:19:01.037Z",
    "journey": []
  },
  {
    "eventType": "userJourney",
    "timestamp": "2025-05-29T05:19:38.965Z",
    "journey": []
  },
  {
    "eventType": "userJourney",
    "timestamp": "2025-05-29T05:20:52.993Z",
    "journey": []
  },
  {
    "eventType": "userJourney",
    "timestamp": "2025-05-29T05:21:14.403Z",
    "journey": []
  },
  {
    "eventType": "userJourney",
    "timestamp": "2025-05-29T05:25:19.074Z",
    "journey": []
  },
  {
    "eventType": "userJourney",
    "timestamp": "2025-05-29T05:36:48.347Z",
    "journey": []
  },
  {
    "eventType": "userJourney",
    "timestamp": "2025-05-29T05:36:58.056Z",
    "journey": []
  },
  {
    "eventType": "userJourney",
    "timestamp": "2025-05-29T05:37:18.254Z",
    "journey": []
  },
  {
    "eventType": "userJourney",
    "timestamp": "2025-05-29T05:38:43.493Z",
    "journey": []
  },
  {
    "eventType": "userJourney",
    "timestamp": "2025-05-29T05:39:51.392Z",
    "journey": []
  },
  {
    "eventType": "userJourney",
    "timestamp": "2025-05-29T07:15:20.302Z",
    "journey": []
  },
  {
    "eventType": "userJourney",
    "timestamp": "2025-05-29T07:16:34.216Z",
    "journey": []
  },
  {
    "eventType": "userJourney",
    "timestamp": "2025-05-29T10:03:01.380Z",
    "journey": []
  },
  {
    "eventType": "userJourney",
    "timestamp": "2025-05-29T10:06:04.805Z",
    "journey": []
  },
  {
    "eventType": "userJourney",
    "timestamp": "2025-05-29T11:02:59.949Z",
    "journey": []
  },
  {
    "eventType": "userJourney",
    "timestamp": "2025-05-29T11:03:32.439Z",
    "journey": []
  },
  {
    "eventType": "userJourney",
    "timestamp": "2025-05-29T11:03:42.407Z",
    "journey": []
  },
  {
    "eventType": "userJourney",
    "timestamp": "2025-05-29T11:13:28.247Z",
    "journey": []
  },
  {
    "eventType": "userJourney",
    "timestamp": "2025-05-29T11:14:32.775Z",
    "journey": []
  },
  {
    "eventType": "userJourney",
    "timestamp": "2025-05-29T11:15:01.066Z",
    "journey": []
  },
  {
    "eventType": "userJourney",
    "timestamp": "2025-05-29T11:15:29.064Z",
    "journey": []
  },
  {
    "eventType": "userJourney",
    "timestamp": "2025-05-29T11:18:11.064Z",
    "journey": []
  },
  {
    "eventType": "userJourney",
    "timestamp": "2025-05-29T11:19:05.072Z",
    "journey": []
  },
  {
    "eventType": "userJourney",
    "timestamp": "2025-05-29T11:24:12.880Z",
    "journey": []
  },
  {
    "eventType": "userJourney",
    "timestamp": "2025-05-29T11:24:30.073Z",
    "journey": []
  },
  {
    "eventType": "userJourney",
    "timestamp": "2025-05-29T11:30:19.900Z",
    "journey": []
  },
  {
    "eventType": "userJourney",
    "timestamp": "2025-05-29T11:31:32.552Z",
    "journey": []
  },
  {
    "eventType": "userJourney",
    "timestamp": "2025-05-29T11:31:41.688Z",
    "journey": []
  },
  {
    "eventType": "userJourney",
    "timestamp": "2025-05-29T11:35:35.379Z",
    "journey": []
  },
  {
    "eventType": "userJourney",
    "timestamp": "2025-05-29T11:40:36.751Z",
    "journey": []
  },
  {
    "eventType": "userJourney",
    "timestamp": "2025-05-29T11:47:13.435Z",
    "journey": []
  },
  {
    "eventType": "userJourney",
    "timestamp": "2025-05-29T11:49:22.852Z",
    "journey": []
  },
  {
    "eventType": "userJourney",
    "timestamp": "2025-05-29T11:49:55.992Z",
    "journey": []
  },
  {
    "eventType": "userJourney",
    "timestamp": "2025-05-29T11:50:07.693Z",
    "journey": []
  },
  {
    "eventType": "userJourney",
    "timestamp": "2025-05-29T11:54:18.713Z",
    "journey": []
  },
  {
    "eventType": "userJourney",
    "timestamp": "2025-05-29T11:58:26.712Z",
    "journey": []
  },
  {
    "eventType": "userJourney",
    "timestamp": "2025-05-29T11:58:44.525Z",
    "journey": []
  },
  {
    "eventType": "userJourney",
    "timestamp": "2025-05-30T05:20:11.439Z",
    "journey": []
  },
  {
    "eventType": "userJourney",
    "timestamp": "2025-05-30T05:20:39.699Z",
    "journey": []
  },
  {
    "eventType": "userJourney",
    "timestamp": "2025-05-30T05:32:28.624Z",
    "journey": []
  },
  {
    "eventType": "userJourney",
    "timestamp": "2025-05-30T05:46:23.955Z",
    "journey": []
  },
  {
    "eventType": "userJourney",
    "timestamp": "2025-05-30T06:15:11.163Z",
    "journey": []
  },
  {
    "eventType": "userJourney",
    "timestamp": "2025-05-30T06:15:19.770Z",
    "journey": []
  },
  {
    "eventType": "userJourney",
    "timestamp": "2025-05-30T06:16:08.687Z",
    "journey": []
  },
  {
    "eventType": "userJourney",
    "timestamp": "2025-05-30T06:18:08.637Z",
    "journey": []
  },
  {
    "eventType": "userJourney",
    "timestamp": "2025-05-30T08:45:40.916Z",
    "journey": []
  },
  {
    "eventType": "userJourney",
    "timestamp": "2025-05-30T08:45:44.967Z",
    "journey": []
  },
  {
    "eventType": "userJourney",
    "timestamp": "2025-05-30T08:45:49.317Z",
    "journey": []
  },
  {
    "eventType": "userJourney",
    "timestamp": "2025-05-30T08:45:58.367Z",
    "journey": []
  },
  {
    "eventType": "userJourney",
    "timestamp": "2025-05-30T08:46:08.489Z",
    "journey": []
  },
  {
    "eventType": "userJourney",
    "timestamp": "2025-05-30T09:13:37.692Z",
    "journey": []
  },
  {
    "eventType": "userJourney",
    "timestamp": "2025-06-02T08:41:32.391Z",
    "journey": []
  },
  {
    "eventType": "userJourney",
    "timestamp": "2025-06-02T09:21:22.891Z",
    "journey": []
  },
  {
    "eventType": "userJourney",
    "timestamp": "2025-06-02T09:27:14.740Z",
    "journey": []
  },
  {
    "eventType": "userJourney",
    "timestamp": "2025-06-02T09:27:25.206Z",
    "journey": []
  },
  {
    "eventType": "userJourney",
    "timestamp": "2025-06-02T09:49:38.461Z",
    "journey": []
  },
  {
    "eventType": "userJourney",
    "timestamp": "2025-06-02T09:50:12.545Z",
    "journey": []
  },
  {
    "eventType": "userJourney",
    "timestamp": "2025-06-02T09:50:21.712Z",
    "journey": []
  },
  {
    "eventType": "userJourney",
    "timestamp": "2025-06-02T09:50:29.167Z",
    "journey": []
  },
  {
    "eventType": "userJourney",
    "timestamp": "2025-06-02T10:04:05.084Z",
    "journey": []
  },
  {
    "eventType": "userJourney",
    "timestamp": "2025-06-03T03:45:07.397Z",
    "journey": []
  },
  {
    "eventType": "userJourney",
    "timestamp": "2025-06-03T03:45:16.208Z",
    "journey": []
  },
  {
    "eventType": "userJourney",
    "timestamp": "2025-06-03T03:51:24.093Z",
    "journey": []
  },
  {
    "eventType": "userJourney",
    "timestamp": "2025-06-03T03:51:44.841Z",
    "journey": []
  },
  {
    "eventType": "userJourney",
    "timestamp": "2025-08-20T15:59:37.034Z",
    "journey": []
  },
  {
    "eventType": "userJourney",
    "timestamp": "2025-08-25T05:33:06.302Z",
    "journey": []
  },
  {
    "eventType": "userJourney",
    "timestamp": "2025-08-25T05:34:20.963Z",
    "journey": []
  },
  {
    "eventType": "userJourney",
    "timestamp": "2025-08-25T05:34:28.462Z",
    "journey": []
  },
  {
    "eventType": "userJourney",
    "timestamp": "2025-08-25T05:34:41.924Z",
    "journey": []
  },
  {
    "eventType": "userJourney",
    "timestamp": "2025-08-25T05:36:02.587Z",
    "journey": []
  },
  {
    "eventType": "userJourney",
    "timestamp": "2025-08-25T05:38:34.257Z",
    "journey": []
  },
  {
    "eventType": "userJourney",
    "timestamp": "2025-08-25T05:38:44.860Z",
    "journey": []
  },
  {
    "eventType": "userJourney",
    "timestamp": "2025-08-25T05:39:05.055Z",
    "journey": []
  },
  {
    "eventType": "userJourney",
    "timestamp": "2025-08-25T05:39:47.852Z",
    "journey": []
  },
  {
    "eventType": "userJourney",
    "timestamp": "2025-08-25T05:40:03.860Z",
    "journey": []
  },
  {
    "eventType": "userJourney",
    "timestamp": "2025-08-25T05:40:09.854Z",
    "journey": []
  },
  {
    "eventType": "userJourney",
    "timestamp": "2025-08-25T05:41:19.403Z",
    "journey": []
  },
  {
    "eventType": "userJourney",
    "timestamp": "2025-08-25T05:41:50.859Z",
    "journey": []
  },
  {
    "eventType": "userJourney",
    "timestamp": "2025-08-25T05:42:30.854Z",
    "journey": []
  },
  {
    "eventType": "userJourney",
    "timestamp": "2025-08-25T05:42:47.856Z",
    "journey": []
  },
  {
    "eventType": "userJourney",
    "timestamp": "2025-08-25T05:43:47.859Z",
    "journey": []
  },
  {
    "eventType": "userJourney",
    "timestamp": "2025-08-25T05:44:03.866Z",
    "journey": []
  },
  {
    "eventType": "userJourney",
    "timestamp": "2025-08-25T05:47:10.866Z",
    "journey": []
  },
  {
    "eventType": "userJourney",
    "timestamp": "2025-08-25T05:49:58.661Z",
    "journey": []
  },
  {
    "eventType": "userJourney",
    "timestamp": "2025-08-25T05:50:45.928Z",
    "journey": []
  },
  {
    "eventType": "userJourney",
    "timestamp": "2025-08-25T05:52:07.574Z",
    "journey": []
  },
  {
    "eventType": "userJourney",
    "timestamp": "2025-08-25T05:54:52.337Z",
    "journey": []
  },
  {
    "eventType": "userJourney",
    "timestamp": "2025-08-25T05:55:48.953Z",
    "journey": []
  },
  {
    "eventType": "userJourney",
    "timestamp": "2025-08-25T08:39:09.661Z",
    "journey": []
  },
  {
    "eventType": "userJourney",
    "timestamp": "2025-08-25T08:39:13.876Z",
    "journey": []
  },
  {
    "eventType": "userJourney",
    "timestamp": "2025-08-25T10:45:17.280Z",
    "journey": []
  },
  {
    "eventType": "userJourney",
    "timestamp": "2025-08-25T10:45:25.673Z",
    "journey": []
  },
  {
    "eventType": "userJourney",
    "timestamp": "2025-08-25T10:45:37.626Z",
    "journey": []
  },
  {
    "eventType": "userJourney",
    "timestamp": "2025-08-25T10:48:16.244Z",
    "journey": []
  },
  {
    "eventType": "userJourney",
    "timestamp": "2025-08-25T10:49:42.796Z",
    "journey": []
  },
  {
    "eventType": "userJourney",
    "timestamp": "2025-08-25T10:50:35.857Z",
    "journey": []
  },
  {
    "eventType": "userJourney",
    "timestamp": "2025-08-25T10:51:26.313Z",
    "journey": []
  },
  {
    "eventType": "userJourney",
    "timestamp": "2025-08-25T10:53:03.367Z",
    "journey": []
  },
  {
    "eventType": "userJourney",
    "timestamp": "2025-08-25T10:53:53.871Z",
    "journey": []
  },
  {
    "eventType": "userJourney",
    "timestamp": "2025-08-25T10:54:32.382Z",
    "journey": []
  },
  {
    "eventType": "userJourney",
    "timestamp": "2025-08-25T10:54:41.814Z",
    "journey": []
  },
  {
    "eventType": "userJourney",
    "timestamp": "2025-08-25T10:55:12.949Z",
    "journey": []
  },
  {
    "eventType": "userJourney",
    "timestamp": "2025-08-25T10:55:45.923Z",
    "journey": []
  },
  {
    "eventType": "userJourney",
    "timestamp": "2025-08-25T10:56:18.615Z",
    "journey": []
  },
  {
    "eventType": "userJourney",
    "timestamp": "2025-08-25T10:58:06.361Z",
    "journey": []
  },
  {
    "eventType": "userJourney",
    "timestamp": "2025-08-25T10:59:30.983Z",
    "journey": []
  },
  {
    "eventType": "userJourney",
    "timestamp": "2025-08-26T04:52:05.688Z",
    "journey": []
  },
  {
    "eventType": "userJourney",
    "timestamp": "2025-08-26T06:18:07.049Z",
    "journey": []
  },
  {
    "eventType": "userJourney",
    "timestamp": "2025-08-26T13:53:33.440Z",
    "journey": []
  },
  {
    "eventType": "userJourney",
    "timestamp": "2025-08-27T03:16:30.623Z",
    "journey": []
  },
  {
    "eventType": "userJourney",
    "timestamp": "2025-08-27T04:37:01.727Z",
    "journey": []
  },
  {
    "eventType": "userJourney",
    "timestamp": "2025-08-27T04:59:23.166Z",
    "journey": []
  },
  {
    "eventType": "userJourney",
    "timestamp": "2025-08-27T05:05:11.146Z",
    "journey": []
  },
  {
    "eventType": "userJourney",
    "timestamp": "2025-08-27T05:08:50.855Z",
    "journey": []
  },
  {
    "eventType": "userJourney",
    "timestamp": "2025-08-27T05:08:56.257Z",
    "journey": []
  },
  {
    "eventType": "userJourney",
    "timestamp": "2025-08-27T05:09:02.161Z",
    "journey": []
  },
  {
    "eventType": "userJourney",
    "timestamp": "2025-08-27T05:10:49.162Z",
    "journey": []
  },
  {
    "eventType": "userJourney",
    "timestamp": "2025-08-27T10:03:14.086Z",
    "journey": []
  },
  {
    "eventType": "userJourney",
    "timestamp": "2025-08-27T10:06:23.469Z",
    "journey": []
  },
  {
    "eventType": "userJourney",
    "timestamp": "2025-08-27T10:07:56.245Z",
    "journey": []
  },
  {
    "eventType": "userJourney",
    "timestamp": "2025-08-27T10:09:09.244Z",
    "journey": []
  },
  {
    "eventType": "userJourney",
    "timestamp": "2025-08-27T10:09:29.238Z",
    "journey": []
  },
  {
    "eventType": "userJourney",
    "timestamp": "2025-08-27T10:09:50.240Z",
    "journey": []
  },
  {
    "eventType": "userJourney",
    "timestamp": "2025-08-27T10:10:09.098Z",
    "journey": []
  },
  {
    "eventType": "userJourney",
    "timestamp": "2025-08-27T10:10:30.245Z",
    "journey": []
  },
  {
    "eventType": "userJourney",
    "timestamp": "2025-08-27T10:11:00.231Z",
    "journey": []
  },
  {
    "eventType": "userJourney",
    "timestamp": "2025-08-27T10:11:18.241Z",
    "journey": []
  },
  {
    "eventType": "userJourney",
    "timestamp": "2025-08-27T10:11:51.233Z",
    "journey": []
  },
  {
    "eventType": "userJourney",
    "timestamp": "2025-08-27T10:12:07.707Z",
    "journey": []
  },
  {
    "eventType": "userJourney",
    "timestamp": "2025-08-27T10:12:20.363Z",
    "journey": []
  },
  {
    "eventType": "userJourney",
    "timestamp": "2025-08-27T10:12:24.241Z",
    "journey": []
  },
  {
    "eventType": "userJourney",
    "timestamp": "2025-08-27T10:12:47.898Z",
    "journey": []
  },
  {
    "eventType": "userJourney",
    "timestamp": "2025-08-27T10:13:00.246Z",
    "journey": []
  },
  {
    "eventType": "userJourney",
    "timestamp": "2025-08-27T10:13:25.236Z",
    "journey": []
  },
  {
    "eventType": "userJourney",
    "timestamp": "2025-08-27T10:13:34.243Z",
    "journey": []
  },
  {
    "eventType": "userJourney",
    "timestamp": "2025-08-27T10:13:43.690Z",
    "journey": []
  },
  {
    "eventType": "userJourney",
    "timestamp": "2025-08-27T10:14:26.189Z",
    "journey": []
  },
  {
    "eventType": "userJourney",
    "timestamp": "2025-08-27T10:14:47.391Z",
    "journey": []
  },
  {
    "eventType": "userJourney",
    "timestamp": "2025-08-27T10:32:00.904Z",
    "journey": []
  },
  {
    "eventType": "userJourney",
    "timestamp": "2025-08-27T10:32:05.109Z",
    "journey": []
  },
  {
    "eventType": "userJourney",
    "timestamp": "2025-08-28T06:46:42.478Z",
    "journey": []
  },
  {
    "eventType": "userJourney",
    "timestamp": "2025-08-28T06:51:27.305Z",
    "journey": []
  },
  {
    "eventType": "userJourney",
    "timestamp": "2025-08-28T06:51:56.737Z",
    "journey": []
  },
  {
    "eventType": "userJourney",
    "timestamp": "2025-08-28T06:52:53.671Z",
    "journey": []
  },
  {
    "eventType": "userJourney",
    "timestamp": "2025-08-29T08:49:47.595Z",
    "journey": []
  },
  {
    "eventType": "userJourney",
    "timestamp": "2025-09-04T07:17:59.501Z",
    "journey": []
  },
  {
    "eventType": "userJourney",
    "timestamp": "2025-09-04T07:23:14.695Z",
    "journey": []
  },
  {
    "eventType": "userJourney",
    "timestamp": "2025-09-04T07:39:33.267Z",
    "journey": []
  },
  {
    "eventType": "userJourney",
    "timestamp": "2025-09-04T07:41:00.249Z",
    "journey": []
  },
  {
    "eventType": "userJourney",
    "timestamp": "2025-09-04T07:46:28.056Z",
    "journey": []
  },
  {
    "eventType": "userJourney",
    "timestamp": "2025-09-04T07:47:20.545Z",
    "journey": []
  },
  {
    "eventType": "userJourney",
    "timestamp": "2025-09-16T03:47:04.052Z",
    "journey": []
  }
]